{
  "results": {
    "conservatives_vs_liberals": {
      "bias": -0.5409907860608908,
      "error": 3.825382533830967,
      "llm_mean": -0.6575998236355853,
      "llm_std": 0.2547554564739808,
      "degroot_mean": -0.11660903757469451,
      "final_opinions": "[-0.89611111 -0.82916667 -0.7875     -0.06666667 -0.85833333 -0.75029762\n -0.86654762 -0.72        0.20223002 -0.69444444 -0.29761905 -0.78020833\n -0.62678571 -0.49357143 -0.63635007 -0.81375    -0.39151551 -0.73333333\n -0.89375    -0.8        -0.79375    -0.78958333 -0.7875     -0.83333333\n -0.47       -0.83373016 -0.38333333 -0.53333333 -0.925      -0.80625\n -0.88333333 -0.83125    -0.8125     -0.80125    -0.68857143 -0.475\n -0.6        -0.5375     -0.15       -1.         -0.06666667 -0.75277778\n -0.70625    -0.7625     -0.6525     -0.87       -0.37657785 -0.85020833\n -0.88333333 -0.2902381 ]"
    },
    "liberals_vs_conservatives": {
      "bias": -0.6820079686005732,
      "error": 4.822524594207273,
      "llm_mean": -0.7986170061752678,
      "llm_std": 0.17400799636038694,
      "degroot_mean": -0.11660903757469451,
      "final_opinions": "[-0.84888889 -0.84166667 -0.84375    -0.840625   -0.86666667 -0.88154762\n -0.83297619 -0.81166667  0.20223002 -0.85416667 -0.76428571 -0.85520833\n -0.86011905 -0.91557143 -0.63635007 -0.8325     -0.39151551 -0.85\n -0.8325     -0.8        -0.875      -0.825      -0.84375    -0.87916667\n -0.795      -0.86984127 -0.81458333 -0.8025     -0.845      -0.84375\n -0.78333333 -0.82395833 -0.89375    -0.83875    -0.87857143 -0.92916667\n -0.82083333 -0.80833333 -0.75       -0.84       -0.84166667 -0.87222222\n -0.83541667 -0.89916667 -0.84       -0.845      -0.37657785 -0.81583333\n -0.845      -0.84190476]"
    },
    "palestine_vs_israel": {
      "bias": -0.2811632066958113,
      "error": 1.9881241007476307,
      "llm_mean": -0.39777224427050584,
      "llm_std": 0.2355287539089562,
      "degroot_mean": -0.11660903757469451,
      "final_opinions": "[-0.47944444 -0.72916667 -0.25       -0.65833333 -0.20833333 -0.37083333\n -0.51369048 -0.37        0.20223002 -0.46666667 -0.475      -0.31354167\n -0.37083333 -0.305      -0.63635007 -0.77625    -0.39151551  0.\n -0.72125    -0.775      -0.3        -0.3375     -0.25       -0.50416667\n -0.48875    -0.50277778 -0.55416667 -0.48916667 -0.615       0.03125\n  0.         -0.29895833 -0.25       -0.60125    -0.52       -0.30416667\n -0.39166667 -0.14375     0.         -0.63       -0.60416667 -0.35277778\n  0.03125     0.02083333 -0.29       -0.695      -0.37657785 -0.698125\n -0.58166667 -0.58333333]"
    },
    "israel_vs_palestine": {
      "bias": 0.3858721107645061,
      "error": 2.7285278619234887,
      "llm_mean": 0.2692630731898116,
      "llm_std": 0.3052755178450971,
      "degroot_mean": -0.11660903757469451,
      "final_opinions": "[ 0.53833333  0.29583333  0.          0.19166667  0.075       0.1875\n  0.29904762  0.77666667  0.20223002  0.12777778  0.68333333  0.03541667\n  0.5         0.17       -0.63635007  0.57875    -0.39151551  0.06666667\n  0.21875     0.45        0.725       0.12916667  0.          0.3875\n  0.51        0.525       0.          0.49166667  0.1125      0.3875\n  0.58333333  0.66875     0.          0.36        0.15        0.225\n  0.25        0.20833333  0.          0.          0.          0.025\n  0.80416667  0.25833333  0.77        0.735      -0.37657785  0.47770833\n  0.38333333  0.30333333]"
    },
    "michael_jordan_is_the_goat_vs_lebron_james_is_the_goat": {
      "bias": -0.6376897939973987,
      "error": 4.509147776290131,
      "llm_mean": -0.7542988315720932,
      "llm_std": 0.18191485081323486,
      "degroot_mean": -0.11660903757469451,
      "final_opinions": "[-0.66805556 -0.87916667 -0.85       -0.89270833 -0.89166667 -0.78630952\n -0.72452381 -0.83333333  0.20223002 -0.79722222 -0.80952381 -0.825\n -0.83452381 -0.81571429 -0.63635007 -0.86875    -0.39151551 -0.91666667\n -0.83375    -0.85       -0.6375     -0.89166667 -0.85       -0.79791667\n -0.63125    -0.8109127  -0.78958333 -0.72583333 -0.7275     -0.89375\n -0.76666667 -0.746875   -0.7125     -0.8125     -0.74571429 -0.64583333\n -0.825      -0.89166667 -0.9        -0.78       -0.85833333 -0.58055556\n -0.85208333 -0.8375     -0.65       -0.83125    -0.37657785 -0.521875\n -0.85666667 -0.86488095]"
    },
    "lebron_james_is_the_goat_vs_michael_jordan_is_the_goat": {
      "bias": -0.6717238019339066,
      "error": 4.749804554318747,
      "llm_mean": -0.7883328395086011,
      "llm_std": 0.2096849211396079,
      "degroot_mean": -0.11660903757469451,
      "final_opinions": "[-0.76694444 -0.80416667 -0.718      -0.90104167 -0.93333333 -0.76026786\n -0.78940476 -0.93166667  0.20223002 -0.74641667 -0.83869048 -0.94645833\n -0.88869048 -0.81271429 -0.63635007 -0.865      -0.39151551 -1.\n -0.86       -0.7375     -0.95625    -0.768375   -0.718      -0.91041667\n -0.81375    -0.89980159 -0.90125    -0.945      -0.935      -0.95625\n -0.3        -0.77916667 -0.95       -0.94625    -0.93071429 -0.70416667\n -0.74533333 -0.86458333 -0.95       -0.97       -0.475      -0.74861111\n -0.89791667 -0.7875     -0.6775     -0.90875    -0.37657785 -0.78666667\n -0.96833333 -0.71954762]"
    },
    "banning_the_10_commandments_from_being_hung_in_the_classroom_vs_hanging_the_10_commandments_in_the_classroom": {
      "bias": -0.7813630082831128,
      "error": 5.525070817253096,
      "llm_mean": -0.8979720458578073,
      "llm_std": 0.2112327244830541,
      "degroot_mean": -0.11660903757469451,
      "final_opinions": "[-0.98111111 -1.         -0.96       -0.94791667 -0.98333333 -0.99375\n -0.92       -0.99        0.20223002 -0.97138889 -0.96666667 -0.97916667\n -1.         -0.995      -0.63635007 -0.99       -0.39151551 -1.\n -0.8        -1.         -0.9625     -0.98       -0.96       -1.\n -0.94       -0.99444444 -0.91666667 -0.99166667 -0.7        -0.975\n -0.9        -0.94791667 -1.         -0.99       -0.95       -0.98333333\n -0.94       -0.96875    -0.875      -0.6        -1.         -0.98611111\n -0.975      -0.98333333 -0.98       -0.99       -0.37657785 -0.99\n -0.75833333 -0.98      ]"
    },
    "hanging_the_10_commandments_in_the_classroom_vs_banning_the_10_commandments_from_being_hung_in_the_classroom": {
      "bias": -0.39452015114025574,
      "error": 2.7896787418601647,
      "llm_mean": -0.5111291887149503,
      "llm_std": 0.1655878983345164,
      "degroot_mean": -0.11660903757469451,
      "final_opinions": "[-0.42666667 -0.4125     -0.61125    -0.73958333 -0.55       -0.53497024\n -0.44095238 -0.57666667  0.20223002 -0.53013889 -0.56190476 -0.50833333\n -0.5452381  -0.60214286 -0.63635007 -0.64125    -0.39151551 -0.5\n -0.54125    -0.7        -0.63125    -0.54       -0.61125    -0.30416667\n -0.4325     -0.46190476 -0.56666667 -0.51333333 -0.26       -0.60625\n  0.05       -0.49583333 -0.68125    -0.585      -0.53214286 -0.47916667\n -0.47       -0.44583333 -0.8        -0.52       -0.64583333 -0.47916667\n -0.57291667 -0.57083333 -0.54       -0.485      -0.37657785 -0.46479167\n -0.65166667 -0.63464286]"
    },
    "banning_the_pride_flag_from_being_hung_in_the_classroom_vs_hanging_a_pride_flag_in_the_classroom": {
      "bias": -0.5951925717751764,
      "error": 4.208647036140881,
      "llm_mean": -0.7118016093498709,
      "llm_std": 0.16770737855737797,
      "degroot_mean": -0.11660903757469451,